name,class
mrng278.jpg,1
utro411.jpg,0
mrng351.jpg,1
utro766.jpg,0
utro536.jpg,0
utro826.jpg,0
utro512.jpg,0
utro730.jpg,0
mrng4.jpg,1
mrng306.jpg,1
utro425.jpg,0
utro186.jpg,0
mrng277.jpg,1
utro572.jpg,0
mrng165.jpg,1
utro758.jpg,0
utro808.jpg,0
utro295.jpg,0
utro208.jpg,0
utro86.jpg,0
utro819.jpg,0
utro559.jpg,0
utro701.jpg,0
utro452.jpg,0
utro544.jpg,0
utro798.jpg,0
utro277.jpg,0
utro667.jpg,0
utro757.jpg,0
utro545.jpg,0
utro600.jpg,0
utro51.jpg,0
utro460.jpg,0
utro530.jpg,0
utro522.jpg,0
mrng397.jpg,1
mrng121.jpg,1
mrng263.jpg,1
utro788.jpg,0
mrng146.jpg,1
utro521.jpg,0
utro438.jpg,0
utro782.jpg,0
utro89.jpg,0
utro254.jpg,0
utro634.jpg,0
utro109.jpg,0
utro464.jpg,0
mrng54.jpg,1
utro356.jpg,0
mrng118.jpg,1
mrng374.jpg,1
utro175.jpg,0
mrng380.jpg,1
utro566.jpg,0
utro165.jpg,0
utro664.jpg,0
utro61.jpg,0
utro58.jpg,0
utro379.jpg,0
utro145.jpg,0
utro437.jpg,0
utro814.jpg,0
utro49.jpg,0
utro741.jpg,0
utro289.jpg,0
utro55.jpg,0
mrng184.jpg,1
mrng244.jpg,1
utro640.jpg,0
utro490.jpg,0
utro749.jpg,0
mrng103.jpg,1
utro469.jpg,0
mrng264.jpg,1
utro558.jpg,0
mrng94.jpg,1
utro237.jpg,0
mrng388.jpg,1
utro644.jpg,0
utro278.jpg,0
mrng296.jpg,1
utro778.jpg,0
utro581.jpg,0
mrng106.jpg,1
mrng3.jpg,1
utro392.jpg,0
mrng90.jpg,1
utro670.jpg,0
mrng376.jpg,1
utro398.jpg,0
mrng230.jpg,1
utro517.jpg,0
utro403.jpg,0
mrng76.jpg,1
utro270.jpg,0
utro234.jpg,0
utro146.jpg,0
utro53.jpg,0
mrng50.jpg,1
mrng178.jpg,1
utro31.jpg,0
utro695.jpg,0
mrng99.jpg,1
utro677.jpg,0
mrng156.jpg,1
utro503.jpg,0
utro3.jpg,0
mrng336.jpg,1
mrng390.jpg,1
mrng25.jpg,1
utro752.jpg,0
utro736.jpg,0
utro327.jpg,0
mrng383.jpg,1
mrng331.jpg,1
mrng402.jpg,1
utro821.jpg,0
utro251.jpg,0
utro284.jpg,0
mrng281.jpg,1
utro199.jpg,0
utro155.jpg,0
utro797.jpg,0
utro575.jpg,0
mrng29.jpg,1
mrng418.jpg,1
utro648.jpg,0
utro322.jpg,0
utro221.jpg,0
mrng321.jpg,1
utro209.jpg,0
mrng117.jpg,1
mrng208.jpg,1
mrng133.jpg,1
utro151.jpg,0
mrng353.jpg,1
mrng204.jpg,1
utro205.jpg,0
utro750.jpg,0
mrng349.jpg,1
utro387.jpg,0
utro110.jpg,0
utro142.jpg,0
mrng75.jpg,1
utro611.jpg,0
mrng318.jpg,1
mrng229.jpg,1
mrng325.jpg,1
utro368.jpg,0
utro304.jpg,0
utro362.jpg,0
mrng436.jpg,1
utro245.jpg,0
utro602.jpg,0
utro28.jpg,0
utro265.jpg,0
utro119.jpg,0
utro616.jpg,0
mrng232.jpg,1
utro476.jpg,0
utro188.jpg,0
mrng381.jpg,1
utro802.jpg,0
mrng101.jpg,1
utro305.jpg,0
mrng438.jpg,1
utro435.jpg,0
utro561.jpg,0
utro125.jpg,0
utro131.jpg,0
utro810.jpg,0
mrng136.jpg,1
utro105.jpg,0
utro102.jpg,0
utro440.jpg,0
utro112.jpg,0
utro213.jpg,0
mrng288.jpg,1
utro775.jpg,0
mrng41.jpg,1
mrng430.jpg,1
utro461.jpg,0
utro273.jpg,0
mrng216.jpg,1
utro474.jpg,0
utro434.jpg,0
utro242.jpg,0
utro477.jpg,0
mrng111.jpg,1
utro769.jpg,0
utro395.jpg,0
utro247.jpg,0
mrng203.jpg,1
utro417.jpg,0
utro373.jpg,0
utro393.jpg,0
mrng295.jpg,1
mrng316.jpg,1
utro114.jpg,0
utro69.jpg,0
utro765.jpg,0
utro519.jpg,0
utro81.jpg,0
utro276.jpg,0
utro606.jpg,0
utro763.jpg,0
utro390.jpg,0
mrng79.jpg,1
utro567.jpg,0
utro246.jpg,0
mrng371.jpg,1
utro656.jpg,0
utro349.jpg,0
utro39.jpg,0
utro614.jpg,0
utro406.jpg,0
utro793.jpg,0
utro636.jpg,0
utro683.jpg,0
utro15.jpg,0
utro576.jpg,0
utro54.jpg,0
utro635.jpg,0
utro84.jpg,0
mrng317.jpg,1
utro240.jpg,0
mrng68.jpg,1
utro104.jpg,0
utro504.jpg,0
mrng142.jpg,1
utro201.jpg,0
mrng431.jpg,1
utro588.jpg,0
utro655.jpg,0
utro686.jpg,0
mrng163.jpg,1
mrng315.jpg,1
utro445.jpg,0
mrng398.jpg,1
utro746.jpg,0
mrng85.jpg,1
utro288.jpg,0
utro226.jpg,0
mrng284.jpg,1
utro25.jpg,0
utro652.jpg,0
mrng362.jpg,1
mrng108.jpg,1
utro313.jpg,0
utro528.jpg,0
mrng354.jpg,1
utro533.jpg,0
utro628.jpg,0
utro708.jpg,0
mrng391.jpg,1
utro454.jpg,0
utro294.jpg,0
utro506.jpg,0
utro369.jpg,0
utro480.jpg,0
utro704.jpg,0
utro767.jpg,0
utro449.jpg,0
utro499.jpg,0
utro115.jpg,0
utro282.jpg,0
utro407.jpg,0
utro396.jpg,0
utro632.jpg,0
utro70.jpg,0
mrng258.jpg,1
mrng185.jpg,1
utro555.jpg,0
utro618.jpg,0
utro27.jpg,0
utro598.jpg,0
mrng411.jpg,1
utro497.jpg,0
utro376.jpg,0
utro50.jpg,0
utro623.jpg,0
utro682.jpg,0
utro382.jpg,0
utro420.jpg,0
utro383.jpg,0
utro166.jpg,0
utro630.jpg,0
utro355.jpg,0
utro328.jpg,0
utro318.jpg,0
utro799.jpg,0
utro661.jpg,0
mrng154.jpg,1
utro260.jpg,0
utro13.jpg,0
utro344.jpg,0
utro759.jpg,0
utro612.jpg,0
utro585.jpg,0
utro527.jpg,0
utro169.jpg,0
utro36.jpg,0
mrng87.jpg,1
mrng13.jpg,1
mrng139.jpg,1
mrng260.jpg,1
mrng212.jpg,1
utro346.jpg,0
utro455.jpg,0
mrng227.jpg,1
mrng67.jpg,1
mrng365.jpg,1
utro732.jpg,0
mrng394.jpg,1
mrng337.jpg,1
utro202.jpg,0
utro603.jpg,0
utro467.jpg,0
utro627.jpg,0
utro714.jpg,0
utro698.jpg,0
utro755.jpg,0
utro127.jpg,0
utro361.jpg,0
utro394.jpg,0
utro100.jpg,0
utro508.jpg,0
utro734.jpg,0
utro144.jpg,0
mrng384.jpg,1
mrng298.jpg,1
utro157.jpg,0
utro384.jpg,0
utro584.jpg,0
utro501.jpg,0
mrng323.jpg,1
mrng213.jpg,1
mrng193.jpg,1
utro776.jpg,0
mrng9.jpg,1
utro785.jpg,0
mrng396.jpg,1
utro738.jpg,0
mrng240.jpg,1
utro488.jpg,0
mrng138.jpg,1
utro416.jpg,0
utro9.jpg,0
utro138.jpg,0
utro300.jpg,0
utro230.jpg,0
utro126.jpg,0
mrng412.jpg,1
utro532.jpg,0
utro229.jpg,0
utro568.jpg,0
utro235.jpg,0
utro658.jpg,0
utro725.jpg,0
utro192.jpg,0
utro794.jpg,0
mrng210.jpg,1
mrng169.jpg,1
utro729.jpg,0
utro366.jpg,0
utro140.jpg,0
utro275.jpg,0
utro241.jpg,0
mrng253.jpg,1
utro571.jpg,0
utro739.jpg,0
mrng401.jpg,1
utro592.jpg,0
mrng122.jpg,1
mrng369.jpg,1
utro386.jpg,0
mrng428.jpg,1
mrng197.jpg,1
utro340.jpg,0
utro77.jpg,0
utro107.jpg,0
utro580.jpg,0
utro158.jpg,0
mrng182.jpg,1
utro335.jpg,0
utro553.jpg,0
utro380.jpg,0
utro10.jpg,0
utro32.jpg,0
utro613.jpg,0
utro316.jpg,0
utro586.jpg,0
mrng275.jpg,1
mrng125.jpg,1
utro211.jpg,0
utro113.jpg,0
mrng37.jpg,1
mrng40.jpg,1
mrng151.jpg,1
mrng107.jpg,1
mrng166.jpg,1
utro236.jpg,0
mrng187.jpg,1
mrng64.jpg,1
mrng162.jpg,1
mrng420.jpg,1
utro518.jpg,0
utro742.jpg,0
mrng147.jpg,1
utro760.jpg,0
utro424.jpg,0
mrng272.jpg,1
utro212.jpg,0
mrng215.jpg,1
utro492.jpg,0
utro75.jpg,0
mrng395.jpg,1
mrng69.jpg,1
mrng382.jpg,1
utro299.jpg,0
utro222.jpg,0
utro29.jpg,0
utro20.jpg,0
mrng228.jpg,1
mrng7.jpg,1
utro399.jpg,0
mrng350.jpg,1
utro772.jpg,0
utro427.jpg,0
mrng415.jpg,1
utro604.jpg,0
mrng98.jpg,1
utro333.jpg,0
utro149.jpg,0
mrng358.jpg,1
utro513.jpg,0
utro404.jpg,0
utro601.jpg,0
utro303.jpg,0
utro692.jpg,0
utro828.jpg,0
utro791.jpg,0
utro496.jpg,0
utro472.jpg,0
utro79.jpg,0
mrng88.jpg,1
utro774.jpg,0
mrng389.jpg,1
utro378.jpg,0
mrng410.jpg,1
utro795.jpg,0
mrng93.jpg,1
utro283.jpg,0
utro453.jpg,0
mrng419.jpg,1
utro296.jpg,0
utro768.jpg,0
utro526.jpg,0
mrng408.jpg,1
utro579.jpg,0
utro358.jpg,0
mrng190.jpg,1
utro111.jpg,0
mrng314.jpg,1
utro779.jpg,0
mrng131.jpg,1
mrng22.jpg,1
mrng105.jpg,1
utro74.jpg,0
mrng186.jpg,1
utro471.jpg,0
utro41.jpg,0
utro255.jpg,0
utro323.jpg,0
utro163.jpg,0
mrng340.jpg,1
utro432.jpg,0
mrng160.jpg,1
utro456.jpg,0
utro268.jpg,0
utro249.jpg,0
utro293.jpg,0
mrng359.jpg,1
mrng31.jpg,1
utro481.jpg,0
mrng333.jpg,1
mrng235.jpg,1
utro52.jpg,0
mrng368.jpg,1
utro374.jpg,0
utro363.jpg,0
mrng435.jpg,1
utro715.jpg,0
utro796.jpg,0
utro562.jpg,0
utro711.jpg,0
utro45.jpg,0
utro174.jpg,0
utro68.jpg,0
utro227.jpg,0
utro64.jpg,0
mrng39.jpg,1
utro495.jpg,0
utro257.jpg,0
mrng403.jpg,1
mrng361.jpg,1
mrng77.jpg,1
utro134.jpg,0
utro448.jpg,0
utro669.jpg,0
utro463.jpg,0
utro197.jpg,0
mrng346.jpg,1
mrng386.jpg,1
mrng293.jpg,1
utro599.jpg,0
utro408.jpg,0
utro548.jpg,0
utro14.jpg,0
utro721.jpg,0
utro338.jpg,0
utro487.jpg,0
mrng424.jpg,1
utro539.jpg,0
utro421.jpg,0
mrng8.jpg,1
utro92.jpg,0
mrng201.jpg,1
utro191.jpg,0
utro311.jpg,0
utro143.jpg,0
utro2.jpg,0
utro302.jpg,0
mrng155.jpg,1
utro820.jpg,0
mrng267.jpg,1
utro137.jpg,0
utro34.jpg,0
mrng330.jpg,1
utro450.jpg,0
mrng399.jpg,1
utro762.jpg,0
utro62.jpg,0
utro59.jpg,0
mrng378.jpg,1
mrng172.jpg,1
utro637.jpg,0
utro702.jpg,0
utro409.jpg,0
mrng370.jpg,1
utro218.jpg,0
utro619.jpg,0
utro662.jpg,0
utro190.jpg,0
utro306.jpg,0
utro647.jpg,0
mrng174.jpg,1
mrng268.jpg,1
mrng170.jpg,1
utro673.jpg,0
utro549.jpg,0
utro625.jpg,0
utro786.jpg,0
utro99.jpg,0
mrng237.jpg,1
mrng157.jpg,1
mrng116.jpg,1
utro825.jpg,0
mrng375.jpg,1
utro263.jpg,0
mrng177.jpg,1
mrng347.jpg,1
mrng83.jpg,1
utro770.jpg,0
mrng225.jpg,1
mrng92.jpg,1
mrng429.jpg,1
utro651.jpg,0
mrng214.jpg,1
mrng188.jpg,1
utro458.jpg,0
utro605.jpg,0
utro556.jpg,0
mrng367.jpg,1
mrng311.jpg,1
mrng236.jpg,1
mrng322.jpg,1
utro535.jpg,0
utro66.jpg,0
utro24.jpg,0
utro35.jpg,0
utro441.jpg,0
utro514.jpg,0
utro624.jpg,0
mrng137.jpg,1
mrng74.jpg,1
utro139.jpg,0
mrng167.jpg,1
utro71.jpg,0
utro200.jpg,0
mrng128.jpg,1
utro292.jpg,0
utro428.jpg,0
utro691.jpg,0
utro377.jpg,0
utro324.jpg,0
mrng19.jpg,1
utro505.jpg,0
utro748.jpg,0
utro722.jpg,0
utro57.jpg,0
utro809.jpg,0
mrng427.jpg,1
mrng91.jpg,1
utro524.jpg,0
mrng413.jpg,1
utro298.jpg,0
utro176.jpg,0
utro540.jpg,0
utro498.jpg,0
mrng200.jpg,1
mrng320.jpg,1
utro389.jpg,0
mrng158.jpg,1
mrng179.jpg,1
utro297.jpg,0
utro326.jpg,0
mrng400.jpg,1
utro597.jpg,0
utro479.jpg,0
mrng27.jpg,1
mrng246.jpg,1
utro707.jpg,0
mrng145.jpg,1
mrng192.jpg,1
utro129.jpg,0
utro550.jpg,0
utro489.jpg,0
utro312.jpg,0
utro560.jpg,0
utro402.jpg,0
utro443.jpg,0
utro224.jpg,0
utro478.jpg,0
utro228.jpg,0
utro22.jpg,0
utro593.jpg,0
mrng47.jpg,1
utro807.jpg,0
utro617.jpg,0
utro108.jpg,0
utro462.jpg,0
utro430.jpg,0
utro182.jpg,0
mrng152.jpg,1
mrng60.jpg,1
utro63.jpg,0
mrng366.jpg,1
mrng10.jpg,1
mrng297.jpg,1
utro243.jpg,0
mrng110.jpg,1
mrng231.jpg,1
utro529.jpg,0
mrng34.jpg,1
mrng46.jpg,1
utro128.jpg,0
utro804.jpg,0
utro217.jpg,0
utro815.jpg,0
utro595.jpg,0
mrng161.jpg,1
mrng286.jpg,1
mrng425.jpg,1
utro106.jpg,0
utro391.jpg,0
utro718.jpg,0
mrng309.jpg,1
mrng312.jpg,1
mrng324.jpg,1
utro491.jpg,0
utro400.jpg,0
utro170.jpg,0
utro181.jpg,0
utro643.jpg,0
mrng422.jpg,1
mrng49.jpg,1
utro101.jpg,0
mrng140.jpg,1
utro515.jpg,0
mrng221.jpg,1
utro803.jpg,0
utro665.jpg,0
utro214.jpg,0
utro343.jpg,0
mrng129.jpg,1
mrng18.jpg,1
mrng226.jpg,1
utro812.jpg,0
mrng218.jpg,1
utro365.jpg,0
utro444.jpg,0
utro21.jpg,0
utro204.jpg,0
mrng372.jpg,1
mrng364.jpg,1
mrng132.jpg,1
mrng224.jpg,1
mrng243.jpg,1
utro334.jpg,0
mrng387.jpg,1
mrng35.jpg,1
utro790.jpg,0
mrng198.jpg,1
utro801.jpg,0
mrng269.jpg,1
utro633.jpg,0
utro693.jpg,0
utro216.jpg,0
utro173.jpg,0
mrng373.jpg,1
utro124.jpg,0
utro348.jpg,0
utro244.jpg,0
utro103.jpg,0
mrng254.jpg,1
utro824.jpg,0
mrng189.jpg,1
utro76.jpg,0
utro193.jpg,0
mrng164.jpg,1
mrng271.jpg,1
utro806.jpg,0
mrng432.jpg,1
utro646.jpg,0
mrng310.jpg,1
utro177.jpg,0
mrng175.jpg,1
utro659.jpg,0
utro678.jpg,0
utro4.jpg,0
utro429.jpg,0
mrng173.jpg,1
utro148.jpg,0
utro756.jpg,0
utro73.jpg,0
utro136.jpg,0
utro564.jpg,0
utro485.jpg,0
mrng426.jpg,1
utro264.jpg,0
utro679.jpg,0
utro189.jpg,0
mrng313.jpg,1
utro123.jpg,0
utro122.jpg,0
utro509.jpg,0
mrng341.jpg,1
utro649.jpg,0
utro622.jpg,0
utro67.jpg,0
utro269.jpg,0
utro583.jpg,0
mrng417.jpg,1
mrng261.jpg,1
utro388.jpg,0
utro159.jpg,0
utro135.jpg,0
mrng342.jpg,1
mrng339.jpg,1
mrng5.jpg,1
utro168.jpg,0
mrng379.jpg,1
utro96.jpg,0
utro342.jpg,0
utro681.jpg,0
utro178.jpg,0
utro418.jpg,0
mrng270.jpg,1
utro805.jpg,0
mrng334.jpg,1
mrng195.jpg,1
utro510.jpg,0
utro375.jpg,0
utro6.jpg,0
mrng176.jpg,1
utro223.jpg,0
utro17.jpg,0
utro431.jpg,0
utro301.jpg,0
mrng78.jpg,1
mrng356.jpg,1
utro47.jpg,0
mrng149.jpg,1
mrng109.jpg,1
utro320.jpg,0
utro668.jpg,0
utro315.jpg,0
mrng301.jpg,1
utro256.jpg,0
utro412.jpg,0
utro259.jpg,0
utro336.jpg,0
utro538.jpg,0
utro422.jpg,0
utro676.jpg,0
mrng206.jpg,1
utro133.jpg,0
utro330.jpg,0
utro660.jpg,0
mrng209.jpg,1
mrng343.jpg,1
mrng95.jpg,1
utro233.jpg,0
mrng171.jpg,1
mrng289.jpg,1
utro789.jpg,0
mrng30.jpg,1
utro761.jpg,0
utro610.jpg,0
mrng223.jpg,1
mrng84.jpg,1
utro385.jpg,0
mrng181.jpg,1
mrng319.jpg,1
mrng70.jpg,1
utro523.jpg,0
utro359.jpg,0
utro352.jpg,0
mrng127.jpg,1
mrng86.jpg,1
utro500.jpg,0
utro232.jpg,0
utro645.jpg,0
utro687.jpg,0
mrng219.jpg,1
utro621.jpg,0
utro710.jpg,0
mrng266.jpg,1
utro615.jpg,0
utro751.jpg,0
utro639.jpg,0
utro511.jpg,0
utro723.jpg,0
mrng338.jpg,1
mrng308.jpg,1
utro709.jpg,0
mrng328.jpg,1
utro121.jpg,0
utro220.jpg,0
utro696.jpg,0
utro771.jpg,0
mrng12.jpg,1
utro531.jpg,0
mrng421.jpg,1
mrng44.jpg,1
utro507.jpg,0
utro194.jpg,0
mrng113.jpg,1
utro468.jpg,0
utro570.jpg,0
mrng180.jpg,1
utro737.jpg,0
utro331.jpg,0
utro164.jpg,0
utro473.jpg,0
mrng307.jpg,1
utro827.jpg,0
utro153.jpg,0
utro370.jpg,0
utro764.jpg,0
mrng344.jpg,1
utro98.jpg,0
utro250.jpg,0
utro800.jpg,0
utro88.jpg,0
utro685.jpg,0
mrng82.jpg,1
mrng385.jpg,1
mrng71.jpg,1
utro262.jpg,0
mrng36.jpg,1
utro345.jpg,0
utro279.jpg,0
mrng51.jpg,1
utro19.jpg,0
utro42.jpg,0
utro684.jpg,0
utro253.jpg,0
mrng348.jpg,1
mrng48.jpg,1
utro777.jpg,0
utro85.jpg,0
utro161.jpg,0
utro30.jpg,0
utro699.jpg,0
utro433.jpg,0
utro629.jpg,0
utro589.jpg,0
mrng115.jpg,1
utro700.jpg,0
utro565.jpg,0
mrng345.jpg,1
mrng14.jpg,1
mrng6.jpg,1
utro594.jpg,0
utro351.jpg,0
utro16.jpg,0
utro307.jpg,0
utro78.jpg,0
mrng191.jpg,1
utro705.jpg,0
mrng11.jpg,1
utro537.jpg,0
mrng148.jpg,1
mrng81.jpg,1
utro46.jpg,0
utro309.jpg,0
utro484.jpg,0
utro577.jpg,0
mrng247.jpg,1
utro364.jpg,0
utro120.jpg,0
utro728.jpg,0
utro787.jpg,0
utro187.jpg,0
mrng97.jpg,1
utro642.jpg,0
utro726.jpg,0
utro436.jpg,0
utro179.jpg,0
mrng423.jpg,1
mrng357.jpg,1
utro706.jpg,0
utro811.jpg,0
mrng89.jpg,1
mrng255.jpg,1
utro353.jpg,0
utro415.jpg,0
utro466.jpg,0
mrng159.jpg,1
mrng144.jpg,1
utro475.jpg,0
utro231.jpg,0
mrng80.jpg,1
utro543.jpg,0
utro590.jpg,0
mrng57.jpg,1
mrng299.jpg,1
mrng279.jpg,1
mrng72.jpg,1
utro357.jpg,0
mrng59.jpg,1
utro780.jpg,0
utro816.jpg,0
utro40.jpg,0
utro147.jpg,0
mrng21.jpg,1
utro156.jpg,0
mrng238.jpg,1
utro753.jpg,0
utro666.jpg,0
mrng134.jpg,1
mrng406.jpg,1
utro154.jpg,0
mrng65.jpg,1
utro48.jpg,0
utro56.jpg,0
mrng52.jpg,1
mrng194.jpg,1
mrng241.jpg,1
utro239.jpg,0
utro195.jpg,0
utro8.jpg,0
utro350.jpg,0
utro95.jpg,0
mrng38.jpg,1
utro196.jpg,0
mrng55.jpg,1
utro87.jpg,0
utro451.jpg,0
utro638.jpg,0
mrng61.jpg,1
utro747.jpg,0
utro219.jpg,0
utro578.jpg,0
mrng355.jpg,1
utro817.jpg,0
utro483.jpg,0
utro117.jpg,0
mrng287.jpg,1
utro210.jpg,0
utro23.jpg,0
mrng26.jpg,1
utro486.jpg,0
mrng409.jpg,1
utro207.jpg,0
mrng24.jpg,1
mrng53.jpg,1
utro360.jpg,0
utro493.jpg,0
utro554.jpg,0
utro171.jpg,0
utro712.jpg,0
mrng33.jpg,1
utro541.jpg,0
mrng251.jpg,1
utro225.jpg,0
utro325.jpg,0
utro413.jpg,0
mrng414.jpg,1
mrng119.jpg,1
mrng135.jpg,1
utro694.jpg,0
utro716.jpg,0
mrng290.jpg,1
utro574.jpg,0
mrng42.jpg,1
utro83.jpg,0
mrng168.jpg,1
utro44.jpg,0
mrng283.jpg,1
utro319.jpg,0
utro329.jpg,0
mrng233.jpg,1
mrng303.jpg,1
utro447.jpg,0
mrng28.jpg,1
utro457.jpg,0
mrng250.jpg,1
mrng222.jpg,1
mrng242.jpg,1
mrng112.jpg,1
mrng1.jpg,1
mrng62.jpg,1
utro183.jpg,0
utro690.jpg,0
utro744.jpg,0
mrng23.jpg,1
utro516.jpg,0
mrng327.jpg,1
mrng280.jpg,1
utro132.jpg,0
mrng326.jpg,1
mrng245.jpg,1
utro823.jpg,0
mrng66.jpg,1
mrng114.jpg,1
utro671.jpg,0
mrng404.jpg,1
mrng335.jpg,1
utro26.jpg,0
mrng15.jpg,1
utro130.jpg,0
utro272.jpg,0
utro446.jpg,0
utro141.jpg,0
mrng96.jpg,1
utro82.jpg,0
utro341.jpg,0
utro727.jpg,0
mrng124.jpg,1
utro287.jpg,0
utro542.jpg,0
utro91.jpg,0
utro410.jpg,0
utro822.jpg,0
mrng276.jpg,1
utro675.jpg,0
utro674.jpg,0
mrng274.jpg,1
utro792.jpg,0
utro773.jpg,0
mrng143.jpg,1
utro93.jpg,0
utro672.jpg,0
utro286.jpg,0
utro818.jpg,0
utro206.jpg,0
mrng73.jpg,1
utro697.jpg,0
utro607.jpg,0
utro80.jpg,0
utro258.jpg,0
utro719.jpg,0
utro180.jpg,0
utro724.jpg,0
mrng217.jpg,1
utro654.jpg,0
utro551.jpg,0
utro367.jpg,0
utro525.jpg,0
mrng130.jpg,1
utro18.jpg,0
mrng329.jpg,1
utro573.jpg,0
mrng150.jpg,1
utro290.jpg,0
mrng32.jpg,1
utro167.jpg,0
utro90.jpg,0
utro626.jpg,0
utro38.jpg,0
utro332.jpg,0
utro354.jpg,0
utro688.jpg,0
mrng220.jpg,1
utro150.jpg,0
mrng45.jpg,1
utro653.jpg,0
utro534.jpg,0
utro339.jpg,0
utro740.jpg,0
utro321.jpg,0
utro291.jpg,0
utro248.jpg,0
utro813.jpg,0
mrng437.jpg,1
utro203.jpg,0
mrng273.jpg,1
utro781.jpg,0
utro689.jpg,0
utro547.jpg,0
utro347.jpg,0
mrng352.jpg,1
utro314.jpg,0
mrng416.jpg,1
utro1.jpg,0
utro557.jpg,0
utro274.jpg,0
utro494.jpg,0
utro754.jpg,0
mrng363.jpg,1
utro381.jpg,0
utro657.jpg,0
utro459.jpg,0
utro419.jpg,0
mrng434.jpg,1
mrng16.jpg,1
utro596.jpg,0
utro198.jpg,0
mrng63.jpg,1
utro43.jpg,0
utro731.jpg,0
utro37.jpg,0
utro680.jpg,0
utro285.jpg,0
utro784.jpg,0
mrng294.jpg,1
mrng265.jpg,1
utro641.jpg,0
mrng393.jpg,1
mrng332.jpg,1
mrng123.jpg,1
utro162.jpg,0
mrng262.jpg,1
mrng58.jpg,1
utro582.jpg,0
mrng291.jpg,1
utro569.jpg,0
mrng183.jpg,1
utro470.jpg,0
utro267.jpg,0
mrng211.jpg,1
utro116.jpg,0
utro482.jpg,0
mrng126.jpg,1
utro11.jpg,0
utro261.jpg,0
utro266.jpg,0
utro252.jpg,0
mrng2.jpg,1
mrng433.jpg,1
utro591.jpg,0
utro94.jpg,0
mrng292.jpg,1
utro650.jpg,0
utro520.jpg,0
mrng302.jpg,1
utro308.jpg,0
mrng300.jpg,1
utro735.jpg,0
utro371.jpg,0
utro743.jpg,0
utro184.jpg,0
mrng43.jpg,1
mrng360.jpg,1
mrng17.jpg,1
utro160.jpg,0
utro5.jpg,0
utro238.jpg,0
mrng120.jpg,1
utro317.jpg,0
utro703.jpg,0
utro12.jpg,0
utro426.jpg,0
utro281.jpg,0
mrng202.jpg,1
mrng377.jpg,1
utro563.jpg,0
mrng104.jpg,1
utro405.jpg,0
utro118.jpg,0
mrng196.jpg,1
mrng153.jpg,1
utro152.jpg,0
utro215.jpg,0
mrng205.jpg,1
mrng102.jpg,1
utro783.jpg,0
mrng100.jpg,1
utro414.jpg,0
mrng20.jpg,1
utro713.jpg,0
utro733.jpg,0
utro717.jpg,0
utro620.jpg,0
mrng392.jpg,1
utro337.jpg,0
utro745.jpg,0
utro720.jpg,0
mrng257.jpg,1
utro7.jpg,0
mrng248.jpg,1
utro33.jpg,0
mrng407.jpg,1
utro502.jpg,0
mrng285.jpg,1
mrng199.jpg,1
utro310.jpg,0
utro172.jpg,0
utro439.jpg,0
mrng207.jpg,1
mrng256.jpg,1
utro663.jpg,0
utro442.jpg,0
utro552.jpg,0
utro546.jpg,0
mrng141.jpg,1
mrng56.jpg,1
mrng405.jpg,1
mrng252.jpg,1
utro401.jpg,0
mrng249.jpg,1
utro185.jpg,0
mrng239.jpg,1
mrng305.jpg,1
utro271.jpg,0
utro60.jpg,0
mrng304.jpg,1
utro609.jpg,0
utro280.jpg,0
mrng234.jpg,1
mrng282.jpg,1
utro397.jpg,0
utro608.jpg,0
mrng259.jpg,1
utro372.jpg,0
utro423.jpg,0
utro631.jpg,0
utro65.jpg,0
utro97.jpg,0
utro465.jpg,0
utro72.jpg,0
utro587.jpg,0
